Summary,Description,Issue Type,Priority,Labels,Epic Link
"Conception de l'architecture globale","Définir l'architecture technique complète de la plateforme","Story","High","architecture,conception","CESIMANGE-52"
"Définition des standards techniques","Établir les standards de code et best practices","Story","High","architecture,standards","CESIMANGE-52"
"Sélection des technologies et frameworks","Évaluer et choisir les technologies adaptées","Story","Medium","architecture,tech","CESIMANGE-52"
"Conception des API REST","Définir les endpoints et structures de données pour les API","Story","High","api,développement","CESIMANGE-52"
"Modélisation des données","Concevoir les schémas de données pour l'ensemble du système","Story","High","bdd,modélisation","CESIMANGE-52"
"Design des composants réutilisables","Créer des composants UI et logiques réutilisables","Story","Medium","développement,composants","CESIMANGE-52"
"Développement des applications frontend","Créer les interfaces utilisateur","Story","High","frontend,développement","CESIMANGE-53"
"Implémentation des API REST","Développer les API pour la communication entre services","Story","High","api,développement","CESIMANGE-53"
"Développement des microservices","Coder les différents microservices identifiés","Story","High","microservices,développement","CESIMANGE-53"
"Création des composants UI","Développer les composants d'interface utilisateur","Story","Medium","ui,développement","CESIMANGE-53"
"Mise en place de l'authentification","Implémenter le système d'authentification","Story","High","sécurité,authentification","CESIMANGE-53"
"Implémentation du système de notifications","Développer le système de notifications","Story","Medium","notifications,développement","CESIMANGE-53"
"Développement du système de suivi en temps réel","Créer le système de suivi des commandes","Story","High","temps-réel,développement","CESIMANGE-53"
"Intégration des passerelles de paiement","Implémenter les connexions avec les systèmes de paiement","Story","High","paiement,intégration","CESIMANGE-53"
"Configuration des environnements","Mettre en place les environnements","Story","High","environnements,devops","CESIMANGE-54"
"Mise en place du pipeline CI/CD","Configurer l'intégration et le déploiement continus","Story","High","ci/cd,devops","CESIMANGE-54"
"Configuration des conteneurs Docker","Créer et configurer les images Docker","Story","High","docker,conteneurisation","CESIMANGE-54"
"Orchestration avec Kubernetes","Mettre en place et configurer Kubernetes","Story","High","kubernetes,orchestration","CESIMANGE-54"
"Configuration du load balancing","Mettre en place le load balancing","Story","Medium","loadbalancing,réseau","CESIMANGE-54"
"Mise en place du monitoring","Configurer les outils de monitoring","Story","Medium","monitoring,devops","CESIMANGE-54"
"Configuration des backups","Définir et mettre en place la stratégie de sauvegarde","Story","High","backup,sécurité","CESIMANGE-54"
"Conception des schémas de BDD","Concevoir la structure des bases de données","Story","High","bdd,conception","CESIMANGE-55"
"Configuration des bases SQL et NoSQL","Installer et configurer les serveurs de BDD","Story","High","bdd,installation","CESIMANGE-55"
"Optimisation des requêtes","Optimiser les performances des requêtes","Story","Medium","performance,bdd","CESIMANGE-55"
"Stratégies de sauvegarde de données","Définir la sauvegarde des données","Story","High","backup,bdd","CESIMANGE-55"
"Gestion de la migration des données","Planifier et exécuter les migrations","Story","Medium","migration,bdd","CESIMANGE-55"
"Configuration des réplications","Mettre en place la réplication des BDD","Story","Medium","réplication,bdd","CESIMANGE-55"
"Mise en place du caching","Configurer les systèmes de cache","Story","Medium","cache,performance","CESIMANGE-55"
"Élaboration de la stratégie de test","Définir les types de tests et leur portée","Story","High","stratégie,tests","CESIMANGE-56"
"Développement des tests unitaires","Créer les tests unitaires pour les composants","Story","High","tests-unitaires,qualité","CESIMANGE-56"
"Création des tests d'intégration","Développer les tests d'intégration","Story","High","tests-intégration,qualité","CESIMANGE-56"
"Mise en place des tests de charge","Configurer les tests de performance","Story","Medium","performance,tests","CESIMANGE-56"
"Tests de sécurité","Effectuer des tests de sécurité et pentests","Story","High","sécurité,tests","CESIMANGE-56"
"Revue de code","Organiser et effectuer les revues de code","Story","Medium","code-review,qualité","CESIMANGE-56"
"Assurance qualité continue","Mettre en place l'assurance qualité","Story","Medium","qualité,processus","CESIMANGE-56"
"Documentation des procédures de test","Documenter les procédures de test","Story","Low","documentation,tests","CESIMANGE-56"
"Conception des maquettes","Créer les maquettes des applications","Story","High","maquettes,design","CESIMANGE-57"
"Tests utilisateurs","Organiser des tests avec les utilisateurs","Story","Medium","tests-utilisateurs,ux","CESIMANGE-57"
"Optimisation de l'expérience utilisateur","Améliorer l'UX","Story","Medium","ux,optimisation","CESIMANGE-57"
"Respect des normes d'accessibilité","Assurer la conformité aux standards","Story","Medium","accessibilité,normes","CESIMANGE-57"
"Design responsive","Assurer l'adaptation à tous les appareils","Story","High","responsive,design","CESIMANGE-57"
"Création des assets graphiques","Produire les éléments graphiques","Story","Low","graphisme,assets","CESIMANGE-57"
"Prototypage des interfaces","Créer des prototypes interactifs","Story","Medium","prototype,ux","CESIMANGE-57"
"Implémentation des bonnes pratiques","Mettre en place les bonnes pratiques","Story","High","bonnes-pratiques,sécurité","CESIMANGE-58"
"Sécurisation des communications","Configurer HTTPS et TLS","Story","High","https,tls,sécurité","CESIMANGE-58"
"Gestion des autorisations","Configurer les droits d'accès","Story","High","autorisations,droits","CESIMANGE-58"
"Protection contre les attaques","Sécuriser contre les attaques connues","Story","High","protection,attaques","CESIMANGE-58"
"Conformité RGPD","Assurer la conformité réglementaire","Story","High","rgpd,conformité","CESIMANGE-58"
"Audits de sécurité","Conduire des audits de sécurité","Story","Medium","audit,sécurité","CESIMANGE-58"
"Gestion des incidents","Mettre en place un processus de gestion","Story","Medium","incidents,gestion","CESIMANGE-58"
"Rédaction de la documentation technique","Documenter les aspects techniques","Story","Medium","technique,documentation","CESIMANGE-59"
"Documentation des API","Créer la documentation des API","Story","High","api,documentation","CESIMANGE-59"
"Manuels utilisateurs","Rédiger les manuels utilisateurs","Story","Medium","manuel,utilisateurs","CESIMANGE-59"
"Guide d'installation","Créer les guides d'installation","Story","High","installation,guide","CESIMANGE-59"
"Documentation des processus","Documenter les processus","Story","Medium","processus,maintenance","CESIMANGE-59"
"Procédures opérationnelles","Définir les procédures quotidiennes","Story","Medium","procédures,opérations","CESIMANGE-59"
"Guide de développement","Créer un guide pour les développeurs","Story","Low","guide,développement","CESIMANGE-59"